{
  "allPlaceholder": "",
  "showInfoWindowOnSelect": true,
  "sources": [
    {
      "layerId": null,
      "url": "https://utility.arcgis.com/usrsvcs/servers/2c416439163341519a338629da93947e/rest/services/PublicWorks/RoadCharacteristicsCoconino/MapServer/3",
      "name": "Cartegraph Routes- Functional Classification",
      "placeholder": "Enter County Road Name or ID",
      "searchFields": [
        "ID",
        "STREETNAME",
        "HURFRoadName"
      ],
      "displayField": "STREETNAME",
      "exactMatch": false,
      "searchInCurrentMapExtent": false,
      "zoomScale": 50000,
      "maxSuggestions": 6,
      "maxResults": 6,
      "type": "query"
    }
  ]
}